judgement_id,judge_id
1,39
2,4
3,16
4,23
5,11
6,16
7,37
8,27
9,19
10,31
11,23
12,16
13,31
14,18
15,18
16,16
17,22
18,22
19,37
20,31
21,31
22,31
23,31
24,31
25,23
26,23
27,23
28,23
29,23
30,23
31,31
32,19
33,18
34,18
35,16
36,23
37,16
38,16
39,38
40,24
41,39
42,40
43,31
44,19
45,18
46,31
47,31
48,31
49,37
50,14
51,18
52,23
53,18
54,37
55,37
56,37
57,37
58,37
59,37
60,37
61,14
62,16
63,22
64,23
65,14
66,31
67,34
68,23
69,23
70,39
71,23
72,6
73,22
74,6
75,6
76,16
77,3
78,23
79,23
80,31
81,18
82,18
83,23
84,16
85,14
86,16
87,16
88,7
89,31
90,16
91,31
92,16
93,40
94,14
95,16
96,37
97,18
98,37
99,37
100,6
101,6
102,16
103,31
104,31
105,31
106,11
107,38
108,38
109,34
110,34
111,16
112,11
113,22
114,23
115,31
116,3
117,31
118,14
119,37
120,37
121,34
122,3
123,18
124,16
125,39
126,39
127,4
128,37
129,27
130,27
131,39
132,37
133,37
134,31
135,18
136,31
137,22
138,22
139,31
140,11
141,37
142,23
143,23
144,23
145,3
146,16
147,16
148,37
149,11
150,34
151,14
152,34
153,34
154,16
155,22
156,23
157,31
158,23
159,23
160,34
161,37
162,22
163,37
164,34
165,14
166,31
167,6
168,27
169,31
170,40
171,34
172,38
173,3
174,34
175,4
176,23
177,37
178,37
179,16
180,19
181,27
182,18
183,37
184,22
185,14
186,16
187,14
188,16
189,7
190,39
191,23
192,16
193,38
194,12
195,11
196,34
197,16
198,37
199,23
200,14
201,6
202,6
203,38
204,38
205,38
206,3
207,6
208,16
209,40
210,37
211,34
212,23
213,14
214,14
215,23
216,39
217,34
218,34
219,39
220,18
221,18
222,18
223,31
224,37
225,18
226,4
227,16
228,16
229,18
230,14
231,14
232,31
233,16
234,16
235,14
236,11
237,16
238,12
239,18
240,40
241,3
242,39
243,38
244,23
245,31
246,31
247,14
248,18
249,31
250,31
251,31
252,27
253,14
254,22
255,31
256,22
257,22
258,31
259,16
260,37
261,12
262,37
263,31
264,23
265,12
266,37
267,37
268,37
269,27
270,27
271,11
272,6
273,39
274,16
275,31
276,31
277,16
278,6
279,16
280,11
281,37
282,37
283,18
284,11
285,11
286,37
287,34
288,4
289,6
290,34
291,31
292,11
293,38
294,16
295,38
296,37
297,23
298,16
299,16
300,16
301,22
302,23
303,23
304,3
305,40
306,35
307,14
308,23
309,40
310,23
311,14
312,3
313,3
314,23
315,16
316,3
317,11
318,40
319,22
320,23
321,40
322,40
323,40
324,40
325,22
326,14
327,23
328,7
329,23
330,40
331,14
332,14
333,31
334,7
335,11
336,35
337,14
338,23
339,29
340,38
341,16
342,28
343,40
344,31
345,23
346,40
347,40
348,23
349,14
350,37
351,35
352,31
353,3
354,40
355,31
356,31
357,23
358,23
359,23
360,28
361,14
362,23
363,16
364,23
365,40
366,40
367,40
368,40
369,31
370,30
371,33
372,24
373,7
374,33
375,33
376,10
377,33
378,24
379,12
380,7
381,8
382,32
383,17
384,7
385,12
386,29
387,29
388,7
389,17
390,33
391,29
392,29
393,38
394,8
395,13
396,7
397,29
398,29
399,8
400,38
401,13
402,38
403,38
404,29
405,17
406,8
407,12
408,32
409,29
410,33
411,8
412,24
413,24
414,24
415,35
416,7
417,24
418,29
419,33
420,29
421,29
422,42
423,29
424,17
425,29
426,29
427,40
428,40
429,8
430,12
431,29
432,29
433,29
434,17
435,29
436,29
437,8
438,40
439,29
440,25
441,30
442,13
443,29
444,7
445,29
446,7
447,33
448,29
449,38
450,7
451,7
452,7
453,35
454,12
455,32
456,24
457,13
458,17
459,7
460,31
461,12
462,29
463,40
464,40
465,40
466,40
467,12
468,29
469,38
470,29
471,23
472,24
473,29
474,29
475,33
476,12
477,29
478,24
479,31
480,42
481,29
482,17
483,8
484,12
485,17
486,29
487,17
488,29
489,29
490,40
491,17
492,17
493,13
494,33
495,29
496,7
497,17
498,8
499,40
500,32
501,38
502,17
503,17
504,17
505,13
506,23
507,8
508,32
509,17
510,24
511,17
512,8
513,29
514,29
515,29
516,29
517,33
518,13
519,29
520,13
521,39
522,8
523,8
524,32
525,13
526,29
527,29
528,7
529,42
530,40
531,8
532,12
533,12
534,29
535,42
536,29
537,12
538,7
539,38
540,33
541,34
542,40
543,11
544,33
545,8
546,7
547,17
548,13
549,25
550,40
551,33
552,7
553,29
554,7
555,29
556,7
557,40
558,33
559,24
560,30
561,7
562,7
563,29
564,35
565,16
566,23
567,31
568,4
569,34
570,34
571,34
572,4
573,27
574,22
575,16
576,40
577,10
578,10
578,32
579,6
580,4
581,23
582,31
583,37
584,37
585,16
586,16
587,31
588,4
589,14
590,14
591,31
592,31
593,31
594,16
595,27
596,27
597,39
598,7
599,38
600,39
601,39
602,29
603,25
604,40
605,38
606,38
607,39
608,39
609,39
610,4
611,16
612,16
613,16
614,14
615,37
616,11
617,14
618,11
619,16
620,31
621,31
622,14
623,14
624,16
625,16
626,31
627,23
628,33
629,14
630,33
631,29
632,7
633,23
634,7
635,31
636,7
637,12
638,11
639,31
640,22
641,7
642,31
643,7
644,12
645,29
646,29
647,12
648,12
649,23
650,29
651,23
652,7
653,39
654,24
655,12
656,29
657,31
658,42
659,29
660,29
661,24
662,29
663,7
664,29
665,40
666,7
667,40
668,14
669,40
670,38
671,14
672,35
673,23
674,14
675,7
676,14
677,29
678,23
679,24
680,40
681,40
682,32
683,40
684,40
685,31
686,40
687,29
688,14
689,11
690,40
691,32
692,32
693,36
694,25
695,38
696,33
697,7
698,7
699,24
700,36
701,7
702,31
703,29
704,7
705,7
706,29
707,31
708,31
709,31
710,31
711,12
712,31
713,29
714,14
715,24
716,29
717,29
718,31
719,3
720,31
721,24
722,22
723,11
724,29
725,37
726,23
727,40
728,14
729,8
730,23
731,36
732,23
733,29
734,40
735,14
736,8
737,29
738,29
739,24
740,31
741,29
742,29
743,7
744,29
745,11
746,24
747,13
748,29
749,7
750,24
751,22
752,28
753,11
754,38
755,23
756,14
757,10
758,40
759,14
760,23
761,12
762,23
763,29
764,7
765,14
766,40
767,14
768,7
769,38
770,23
771,23
772,11
773,32
774,29
775,29
776,29
777,7
778,7
779,3
780,23
781,7
782,29
783,29
784,7
785,11
786,7
787,38
788,23
789,23
790,16
791,16
792,16
793,39
794,14
795,16
796,16
797,39
798,14
799,14
800,14
801,16
802,16
803,16
804,37
805,27
806,37
807,37
808,14
809,16
810,6
811,16
812,18
813,19
814,40
815,16
816,11
817,14
818,37
819,27
820,34
821,39
822,16
823,39
824,39
825,39
826,39
827,34
828,14
829,14
830,37
831,14
832,31
833,39
834,31
835,31
836,16
837,37
838,31
839,37
840,37
841,22
842,7
843,22
844,26
845,6
846,3
847,34
848,34
849,37
850,37
851,18
852,6
853,3
854,16
855,18
856,16
857,31
858,31
859,31
860,3
861,11
862,37
863,16
864,18
865,39
866,16
867,18
868,16
869,37
870,37
871,23
872,37
873,18
874,16
875,37
876,37
877,23
878,38
879,37
880,38
881,6
882,23
883,37
884,16
885,23
886,4
887,34
888,18
889,4
890,16
891,16
892,16
893,34
894,16
895,16
896,34
897,16
898,16
899,37
900,4
901,23
902,14
903,34
904,16
905,38
906,38
907,34
908,3
909,3
910,16
911,16
912,37
913,6
914,14
915,37
916,37
917,37
918,37
919,16
920,16
921,6
922,14
923,3
924,37
925,16
926,27
927,27
928,31
929,16
930,39
931,14
932,31
933,18
934,6
935,40
936,14
937,31
938,14
939,23
940,11
941,14
942,6
943,23
944,14
945,22
946,22
947,4
948,14
949,37
950,31
951,14
952,14
953,6
954,4
955,31
956,14
957,6
958,31
959,14
960,37
961,16
962,31
963,37
964,23
965,37
966,22
967,7
968,22
969,18
970,16
971,23
972,22
973,37
974,39
975,31
976,38
977,38
978,22
979,31
980,23
981,31
982,22
983,31
984,37
985,37
986,6
987,37
988,34
989,31
990,37
991,31
992,23
993,22
994,31
995,34
996,31
997,23
998,7
999,16
1000,31
1001,11
1002,19
1003,3
1004,14
1005,14
1006,6
1007,37
1008,37
1009,16
1010,16
1011,37
1012,16
1013,37
1014,23
1015,14
1016,23
1017,23
1018,39
1019,23
1020,31
1021,31
1022,22
1023,37
1024,14
1025,14
1026,4
1027,31
1028,34
1029,27
1030,37
1031,37
1032,16
1033,31
1034,34
1035,23
1036,6
1037,31
1038,14
1039,23
1040,37
1041,27
1042,23
1043,37
1044,39
1045,16
1046,16
1047,16
1048,37
1049,31
1050,16
1051,39
1052,27
1053,14
1054,28
1055,14
1056,16
1057,37
1058,28
1059,27
1060,31
1061,16
1062,39
1063,4
1064,34
1065,16
1066,6
1067,31
1068,31
1069,37
1070,27
1071,16
1072,31
1073,14
1074,6
1075,31
1076,27
1077,39
1078,34
1079,18
1080,23
1081,37
1082,27
1083,16
1084,34
1085,31
1086,16
1087,14
1088,31
1089,27
1090,28
1091,37
1092,18
1093,31
1094,23
1095,18
1096,16
1097,18
1098,19
1099,23
1100,23
1101,23
1102,34
1103,16
1104,14
1105,37
1106,22
1107,22
1108,14
1109,31
1110,14
1111,14
1112,14
1113,39
1114,31
1115,23
1116,16
1117,16
1118,16
1119,16
1120,16
1121,16
1122,16
1123,39
1124,16
1125,31
1126,34
1127,16
1128,14
1129,31
1130,31
1131,14
1132,28
1133,34
1134,11
1135,16
1136,4
1137,28
1138,16
1139,16
1140,28
1141,14
1142,16
1143,37
1144,22
1145,31
1146,37
1147,31
1148,31
1149,23
1150,23
1151,31
1152,34
1153,16
1154,14
1155,23
1156,28
1157,16
1158,39
1159,23
1160,6
1161,37
1162,23
1163,23
1164,16
1165,14
1166,28
1167,27
1168,22
1169,31
1170,31
1171,23
1172,31
1173,23
1174,6
1175,27
1176,27
1177,16
1178,37
1179,37
1180,37
1181,23
1182,39
1183,34
1184,16
1185,37
1186,31
1187,16
1188,6
1189,16
1190,16
1191,31
1192,39
1193,28
1194,28
1195,31
1196,37
1197,16
1198,19
1199,23
1200,19
1201,34
1202,31
1203,11
1204,23
1205,31
1206,23
1207,16
1208,16
1209,37
1210,23
1211,23
1212,37
1213,11
1214,16
1215,16
1216,14
1217,38
1218,4
1219,31
1220,27
1221,4
1222,31
1223,31
1224,37
1225,16
1226,14
1227,16
1228,6
1229,14
1230,27
1231,11
1232,16
1233,18
1234,16
1235,16
1236,27
1237,3
1238,27
1239,16
1240,37
1241,23
1242,3
1243,23
1244,3
1245,3
1246,16
1247,27
1248,31
1249,4
1250,31
1251,14
1252,11
1253,11
1254,11
1255,14
1256,18
1257,31
1258,31
1259,31
1260,31
1261,18
1262,38
1263,16
1264,4
1265,23
1266,34
1267,27
1268,16
1269,39
1270,31
1271,31
1272,37
1273,23
1274,31
1275,16
1276,14
1277,14
1278,31
1279,18
1280,16
1281,27
1282,37
1283,37
1284,39
1285,39
1286,27
1287,27
1288,37
1289,39
1290,39
1291,14
1292,31
1293,31
1294,14
1295,34
1296,39
1297,4
1298,34
1299,23
1300,6
1301,16
1302,37
1303,22
1304,16
1305,18
1306,37
1307,16
1308,16
1309,14
1310,14
1311,14
1312,4
1313,38
1314,14
1315,22
1316,4
1317,38
1318,38
1319,16
1320,18
1321,16
1322,37
1323,31
1324,22
1325,18
1326,22
1327,31
1328,31
1329,31
1330,23
1331,31
1332,31
1333,14
1334,14
1335,6
1336,6
1337,23
1338,27
1339,38
1340,39
1341,15
1342,15
1343,16
1344,34
1345,16
1346,38
1347,14
1348,37
1349,27
1350,14
1351,37
1352,37
1353,16
1354,19
1355,6
1356,31
1357,23
1358,23
1359,37
1360,37
1361,16
1362,39
1363,6
1364,39
1365,31
1366,37
1367,14
1368,39
1369,31
1370,18
1371,37
1372,6
1373,23
1374,31
1375,45
1376,37
1377,16
1378,31
1379,14
1380,27
1381,16
1382,29
1383,23
1384,19
1385,39
1386,23
1387,32
1388,26
1389,39
1390,39
1391,35
1392,38
1393,31
1394,11
1395,31
1396,39
1397,19
1398,45
1399,23
1400,23
1401,14
1402,14
1403,37
1404,4
1405,16
1406,23
1407,34
1408,31
1409,34
1410,31
1411,6
1412,14
1413,14
1414,39
1415,7
1416,29
1417,23
1418,32
1419,32
1420,16
1421,29
1422,29
1423,31
1424,23
1425,4
1426,14
1427,23
1428,31
1429,6
1430,4
1431,6
1432,34
1433,39
1434,39
1435,4
1436,14
1437,23
1438,40
1439,34
1440,18
1441,3
1442,11
1443,23
1444,22
1445,27
1446,27
1447,6
1448,14
1449,23
1450,39
1451,4
1452,16
1453,23
1454,14
1455,6
1456,34
1457,39
1458,37
1459,23
1460,14
1461,23
1462,14
1463,14
1464,37
1465,6
1466,6
1467,37
1468,16
1469,23
1470,37
1471,39
1472,31
1473,37
1474,16
1475,38
1476,38
1477,38
1478,38
1479,37
1480,39
1481,37
1482,14
1483,18
1484,16
1485,34
1486,34
1487,37
1488,23
1489,18
1490,18
1491,16
1492,23
1493,23
1494,16
1495,23
1496,39
1497,16
1498,23
1499,37
1500,31
1501,4
1502,31
1503,22
1504,24
1505,31
1506,14
1507,23
1508,7
1509,12
1510,16
1511,16
1512,23
1513,16
1514,16
1515,23
1516,37
1517,31
1518,18
1519,3
1520,16
1521,29
1522,7
1523,7
1524,11
1525,29
1526,31
1527,29
1528,3
1529,10
1530,3
1531,32
1532,29
1533,31
1534,7
1535,11
1536,3
1537,7
1538,7
1539,16
1540,37
1541,37
1542,14
1543,14
1544,16
1545,16
1546,16
1547,37
1548,6
1549,35
1550,29
1551,7
1552,7
1553,14
1554,23
1555,7
1556,39
1557,31
1558,31
1559,31
1560,11
1561,14
1562,7
1563,29
1564,14
1565,31
1566,7
1567,23
1568,31
1569,31
1570,28
1571,14
1572,35
1573,23
1574,31
1575,31
1576,32
1577,7
1578,31
1579,14
1580,29
1581,29
1582,31
1583,14
1584,11
1585,7
1586,14
1587,29
1588,29
1589,7
1590,29
1591,29
1592,7
1593,7
1594,31
1595,29
1596,7
1597,29
1598,29
1599,3
1600,22
1601,24
1602,42
1603,42
1604,29
1605,42
1606,7
1607,7
1608,25
1609,33
1610,31
1611,14
1612,42
1613,7
1614,31
1615,7
1616,7
1617,31
1618,42
1619,23
1620,14
1621,35
1622,22
1623,35
1624,35
1625,35
1626,35
1627,22
1628,11
1629,38
1630,18
1631,27
1632,14
1633,37
1634,35
1635,11
1636,22
1637,39
1638,16
1639,22
1640,22
1641,23
1642,22
1643,22
1644,35
1645,35
1646,35
1647,22
1648,24
1649,37
1650,37
1651,14
1652,35
1653,22
1654,23
1655,35
1656,14
1657,15
1658,31
1659,22
1660,22
1661,35
1662,34
1663,15
1664,22
1665,23
1666,14
1667,4
1668,6
1669,14
1670,23
1671,34
1672,31
1673,34
1674,31
1675,34
1676,34
1677,4
1678,23
1679,14
1680,14
1681,16
1682,39
1683,39
1684,31
1685,37
1686,31
1687,37
1688,31
1689,16
1690,37
1691,34
1692,14
1693,39
1694,6
1695,16
1696,16
1697,14
1698,27
1699,27
1700,39
1701,39
1702,37
1703,14
1704,31
1705,16
1706,37
1707,6
1708,31
1709,14
1710,27
1711,16
1712,34
1713,14
1714,16
1715,6
1716,14
1717,4
1718,6
1719,37
1720,14
1721,37
1722,14
1723,6
1724,4
1725,34
1726,23
1727,31
1728,31
1729,22
1730,18
1731,23
1732,22
1733,15
1734,16
1735,16
1736,31
1737,31
1738,23
1739,16
1740,37
1741,27
1742,39
1743,14
1744,37
1745,16
1746,34
1747,16
1748,39
1749,39
1750,18
1751,3
1752,3
1753,14
1754,23
1755,31
1756,31
1757,31
1758,31
1759,27
1760,27
1761,31
1762,18
1763,39
1764,39
1765,14
1766,18
1767,3
1768,34
1769,23
1770,38
1771,14
1772,16
1773,23
1774,18
1775,27
1776,16
1777,23
1778,6
1779,27
1780,37
1781,6
1782,22
1783,22
1784,16
1785,27
1786,16
1787,39
1788,38
1789,15
1790,34
1791,16
1792,23
1793,4
1794,39
1795,34
1796,4
1797,37
1798,27
1799,14
1800,14
1801,22
1802,14
1803,39
1804,14
1805,39
1806,14
1807,23
1808,22
1809,31
1810,31
1811,18
1812,16
1813,16
1814,37
1815,31
1816,23
1817,4
1818,14
1819,16
1820,23
1821,6
1822,4
1823,14
1824,31
1825,4
1826,34
1827,14
1828,31
1829,16
1830,4
1831,16
1832,39
1833,39
1834,31
1835,31
1836,39
1837,31
1838,16
1839,37
1840,14
1841,39
1842,31
1843,4
1844,23
1845,16
1846,14
1847,38
1848,31
1849,16
1850,14
1851,37
1852,15
1853,4
1854,16
1855,37
1856,31
1857,27
1858,15
1859,23
1860,16
1861,37
1862,23
1863,22
1864,18
1865,39
1866,27
1867,37
1868,31
1869,39
1870,23
1871,16
1872,16
1873,4
1874,23
1875,37
1876,4
1877,23
1878,39
1879,11
1880,16
1881,22
1882,23
1883,22
1884,16
1885,23
1886,23
1887,37
1888,31
1889,39
1890,37
1891,14
1892,27
1893,22
1894,31
1895,37
1896,16
1897,23
1898,14
1899,23
1900,14
1901,16
1902,27
1903,4
1904,38
1905,38
1906,27
1907,27
1908,23
1909,4
1910,39
1911,14
1912,31
1913,31
1914,14
1915,31
1916,16
1917,14
1918,39
1919,4
1920,16
1921,37
1922,16
1923,39
1924,16
1925,27
1926,27
1927,27
1928,37
1929,14
1930,4
1931,37
1932,3
1932,4
1933,3
1934,16
1935,22
1936,16
1937,3
1939,39
1940,3
1941,34
1942,34
1943,38
1944,38
1945,34
1946,27
1947,37
1948,16
1949,31
1950,16
1951,37
1952,39
1953,19
1954,18
1955,19
1956,39
1957,38
1958,38
1959,38
1961,38
1962,38
1963,38
1964,4
1965,16
1966,18
1967,37
1968,39
1969,18
1970,37
1971,39
1972,39
1973,31
1975,39
1976,37
1977,31
1978,31
1979,18
1980,14
1981,14
1983,27
1984,18
1985,37
1986,31
1987,23
1988,34
1989,3
1990,16
1991,34
1992,39
1993,16
1994,3
1995,16
1996,39
1997,39
1998,39
1999,39
2000,34
2001,39
2002,27
2003,37
2004,4
2005,31
2006,14
2007,37
2008,3
2009,39
2010,39
2011,37
2012,18
2013,18
2014,39
2015,16
2016,31
2017,16
2018,39
2019,31
2020,16
2021,22
2022,38
2023,27
2024,16
2025,16
2026,23
2027,18
2028,19
2029,19
2030,16
2031,14
2032,14
2033,26
2034,18
2036,23
2037,18
2039,22
2040,3
2041,4
2042,31
2043,31
2044,3
2045,34
2046,16
2047,23
2048,18
2049,39
2050,27
2051,16
2052,27
2053,31
2054,14
2055,16
2056,16
2057,18
2058,16
2059,22
2060,16
2061,39
2062,34
2063,39
2064,11
2065,22
2066,11
2067,39
2068,14
2069,14
2070,16
2071,23
2072,23
2073,23
2074,34
2075,37
2076,38
2077,23
2078,23
2079,31
2080,34
2081,31
2082,39
2083,15
2084,22
2085,37
2086,14
2087,31
2088,23
2089,16
2090,22
2091,31
2092,31
2093,16
2094,34
2095,4
2096,23
2097,15
2098,16
2099,16
2100,27
2101,23
2102,23
2103,16
2104,37
2105,37
2106,27
2107,14
2108,16
2109,39
2110,39
2111,37
2112,39
2113,38
2114,38
2115,34
2116,31
2117,18
2118,4
2119,37
2120,23
2122,37
2123,22
2124,16
2125,37
2126,39
2127,34
2128,31
2129,37
2130,23
2131,31
2132,3
2133,22
2134,4
2135,39
2136,3
2137,39
2138,23
2139,31
2140,34
2141,34
2142,14
2143,4
2144,23
2145,31
2146,16
2147,14
2148,15
2149,16
2150,34
2151,22
2152,34
2153,31
2154,23
2155,39
2156,37
2157,27
2158,22
2159,22
2160,27
2161,19
2162,4
2163,31
2164,23
2165,14
2166,22
2167,16
2168,16
2169,19
2170,16
2171,23
2172,15
2173,4
2174,39
2175,23
2176,39
2177,39
2178,23
2179,16
2180,39
2181,31
2182,37
2183,39
2184,27
2185,37
2186,37
2187,4
2188,34
2189,27
2190,27
2191,39
2192,22
2193,39
2194,39
2195,14
2196,14
2197,14
2198,39
2199,31
2200,31
2201,19
2202,37
2203,39
2204,23
2205,31
2206,31
2207,26
2208,31
2209,37
2210,4
2211,16
2212,39
2213,14
2214,37
2215,23
2216,16
2217,18
2218,16
2219,34
2220,26
2221,15
2222,23
2223,22
2224,22
2225,14
2226,14
2227,14
2228,15
2229,31
2230,39
2231,26
2232,18
2233,15
2234,37
2235,39
2236,22
2237,34
2238,22
2239,16
2240,31
2241,37
2242,18
2244,16
2246,23
2247,34
2248,39
2249,37
2250,34
2251,16
2252,31
2253,31
2254,39
2255,14
2256,39
2257,39
2258,23
2259,16
2260,39
2261,37
2262,16
2263,31
2264,34
2265,4
2266,31
2267,16
2268,39
2269,31
2270,14
2271,23
2272,31
2273,16
2274,14
2275,22
2276,22
2277,16
2278,31
2279,4
2280,16
2281,31
2282,34
2283,4
2284,23
2285,31
2286,23
2287,39
2288,39
2289,37
2290,22
2291,31
2292,16
2293,16
2294,16
2295,34
2296,3
2297,22
2298,34
2299,18
2300,31
2301,39
2302,39
2303,23
2304,31
2305,31
2306,27
2307,27
2308,39
2309,39
2310,31
2311,39
2312,34
2313,31
2314,31
2315,16
2316,31
2317,22
2318,16
2319,16
2320,39
2321,23
2322,4
2323,22
2324,31
2325,22
2326,34
2327,4
2328,31
2329,39
2330,16
2331,37
2332,39
2333,31
2334,27
2335,34
2336,31
2337,31
2338,16
2339,39
2340,4
2341,18
2342,39
2343,39
2344,39
2345,22
2346,39
2347,14
2348,39
2349,39
2350,3
2351,3
2352,39
2353,39
2354,31
2355,39
2356,39
2357,39
2358,16
2359,37
2360,31
2361,34
2362,31
2363,37
2364,37
2365,37
2366,22
2367,16
2368,37
2369,31
2370,31
2371,16
2372,16
2373,39
2374,22
2375,23
2376,14
2377,39
2378,23
2379,39
2380,23
2381,34
2382,34
2383,39
2384,37
2385,39
2386,38
2387,16
2388,16
2389,34
2390,39
2391,37
2392,18
2393,31
2394,23
2395,18
2396,4
2397,39
2398,31
2399,34
2400,39
2401,16
2402,37
2403,22
2404,34
2405,39
2406,37
2407,16
2408,23
2409,16
2410,23
2411,38
2412,38
2413,39
2414,15
2415,23
2416,4
2417,31
2418,23
2419,39
2420,38
2421,27
2422,31
2423,16
2424,23
2425,16
2426,16
2427,16
2428,39
2429,37
2430,39
2431,16
2432,16
2433,31
2434,23
2435,39
2436,39
2437,15
2438,39
2439,16
2440,39
2441,39
2442,39
2443,39
2444,39
2445,39
2446,34
2447,16
2448,23
2449,37
2450,16
2451,16
2452,14
2453,27
2454,16
2455,39
2456,31
2457,37
2458,39
2459,39
2460,23
2461,31
2462,37
2463,37
2464,16
2465,16
2466,31
2467,31
2468,23
2469,23
2470,39
2471,39
2472,39
2473,4
2474,31
2475,18
2476,16
2477,39
2478,31
2479,16
2480,18
2481,38
2482,16
2483,16
2484,31
2485,4
2486,39
2487,16
2488,39
2489,39
2490,39
2491,39
2492,39
2493,14
2494,4
2495,38
2496,38
2497,39
2498,37
2499,14
2500,16
2501,16
2502,31
2503,18
2504,39
2505,16
2506,39
2507,39
2508,39
2509,37
2510,34
2511,34
2512,31
2513,37
2514,16
2515,23
2516,31
2517,34
2518,18
2519,34
2520,37
2521,18
2522,22
2523,27
2524,31
2525,31
2526,31
2527,23
2528,16
2529,26
2530,39
2531,34
2532,39
2533,22
2534,27
2535,18
2536,37
2537,16
2538,37
2539,37
2540,39
2541,18
2542,37
2543,16
2544,39
2545,14
2546,14
2547,22
2548,22
2549,39
2550,14
2551,39
2552,23
2553,16
2554,14
2555,22
2556,16
2557,14
2558,14
2559,39
2560,16
2561,31
2562,16
2563,39
2564,18
2565,27
2566,48
2567,18
2568,16
2569,16
2570,47
2571,37
2572,37
2573,14
2574,16
2575,4
2576,49
2577,34
2578,39
2579,22
2580,16
2581,4
2582,37
2583,18
2584,16
2585,39
2586,39
2587,48
2588,48
2589,39
2590,23
2591,34
2592,31
2593,31
2594,31
2595,31
2596,31
2597,31
2598,31
2599,37
2600,37
2601,48
2602,39
2603,27
2604,47
2605,31
2606,48
2607,38
2608,34
2609,23
2610,39
2611,46
2612,4
2613,23
2614,16
2615,16
2616,34
2617,39
2618,48
2619,38
2620,16
2621,16
2622,16
2623,23
2624,39
2625,47
2626,46
2627,4
2628,16
2629,16
2630,47
2631,16
2632,39
2633,31
2634,34
2635,46
2636,16
2637,14
2638,47
2639,34
2640,48
2641,37
2642,46
2643,49
2644,49
2645,18
2646,31
2647,14
2648,34
2649,19
2650,31
2651,31
2652,16
2653,23
2654,46
2655,34
2656,16
2657,48
2658,31
2659,15
2660,16
2661,16
2662,37
2663,48
2664,4
2665,46
2666,16
2667,16
2667,50
2668,31
2669,22
2670,31
2671,49
2672,39
2673,48
2674,48
2675,37
2676,47
2677,23
2678,31
2679,15
2680,16
2681,23
2682,22
2683,31
2684,37
2685,31
2686,49
2687,39
2688,23
2689,46
2690,22
2691,14
2692,48
2693,46
2694,46
2695,38
2696,38
2697,22
2698,31
2699,26
2700,48
2701,38
2702,22
2703,47
2704,46
2705,39
2706,47
2707,48
2708,48
2709,16
2710,37
2711,39
2712,23
2713,34
2714,34
2715,34
2716,34
2717,47
2718,48
2719,39
2720,14
2721,34
2722,48
2723,23
2724,31
2725,46
2726,39
2727,48
2728,48
2729,16
2730,31
2731,16
2732,39
2733,46
2734,14
2735,39
2736,31
2737,31
2738,31
2739,48
2740,48
2741,34
2742,39
2743,16
2744,49
2745,16
2746,49
2747,38
2748,23
2749,37
2750,39
2751,26
2752,16
2753,39
2754,37
2755,18
2756,39
2757,23
2758,47
2759,48
2760,22
2761,22
2762,34
2763,34
2764,48
2765,47
2766,31
2767,38
2768,46
2769,38
2770,31
2771,48
2772,38
2773,39
2774,39
2775,39
2776,34
2777,48
2778,26
2779,16
2780,49
2781,16
2782,39
2783,22
2784,14
2785,46
2786,23
2787,46
2788,34
2789,46
2790,38
2791,37
2792,31
2793,19
2794,48
2795,23
2796,47
2797,16
2798,48
2799,48
2800,18
2801,38
2802,38
2803,38
2804,23
2805,23
2806,23
2807,34
2808,48
2809,37
2810,46
2811,46
2812,34
2813,34
2814,16
2815,18
2816,48
2817,48
2818,38
2819,47
2820,16
2821,46
2822,14
2823,48
2824,47
2825,48
2826,46
2827,16
2828,47
2829,39
2830,34
2831,34
2832,48
2833,23
2834,16
2835,48
2836,34
2837,34
2838,16
2839,39
2840,46
2841,37
2842,47
2843,16
2844,31
2845,47
2846,38
2847,48
2848,16
2849,16
2850,53
2851,18
2852,34
2853,37
2854,37
2855,46
2856,23
2857,48
2858,46
2859,23
2860,14
2861,34
2862,16
2863,46
2864,34
2865,23
2866,48
2867,16
2868,46
2869,23
2870,52
2871,18
2872,18
2873,47
2874,39
2875,39
2876,37
2877,37
2878,16
2879,47
2880,39
2881,47
2882,48
2883,47
2884,47
2885,16
2886,34
2887,34
2888,16
2889,39
2890,16
2891,52
2892,52
2893,52
2894,52
2895,52
2896,52
2897,52
2898,52
2899,51
2900,51
2901,51
2902,52
2903,52
2904,52
2905,52
2906,52
2907,52
2908,52
2909,52
2910,52
2911,52
2912,52
2913,51
2914,54
2915,54
2916,54
2917,54
2918,54
2919,54
2920,54
2921,52
2922,52
2923,52
2924,52
2925,52
2926,54
2927,54
2928,54
2929,54
2930,52
2931,52
2932,55
2933,55
2934,55
2935,55
2936,55
2937,55
2938,51
2939,51
2940,51
2941,51
2942,51
2943,38
2944,39
2945,23
2946,46
2947,46
2948,39
2949,16
2950,46
2951,31
2952,39
2953,23
2954,48
2955,47
2956,31
2957,14
2958,14
2959,48
2960,34
2961,46
2962,48
2963,18
2964,18
2965,18
2966,37
2967,38
2968,23
2969,34
2970,22
2971,37
2972,31
2973,39
2974,37
2975,18
2976,38
2977,18
2978,56
2979,16
2980,38
2981,16
2982,18
2983,18
2984,34
2985,48
2986,46
2987,14
2988,18
2989,48
2990,16
2991,48
2992,47
2993,39
2994,48
2995,34
2996,31
2997,48
2998,18
2999,39
3000,39
3001,16
3002,48
3003,14
3004,15
3005,18
3006,47
3007,22
3008,23
3009,38
3010,47
3011,31
3012,46
3013,16
3014,16
3015,46
3016,39
3017,18
3018,56
3019,23
3020,48
3021,14
3022,47
3023,23
3024,22
3025,16
3026,38
3027,19
3028,18
3029,14
3030,16
3031,27
3032,37
3033,16
3034,23
3035,37
3036,27
3037,23
3038,46
3039,34
3040,39
3041,18
3042,22
3043,47
3044,39
3045,27
3046,46
3047,39
3048,39
3049,15
3050,39
3051,18
3052,34
3053,39
3054,39
3055,46
3056,48
3057,16
3058,51
3059,51
3060,52
3061,52
3062,51
3063,54
3064,54
3065,54
3066,51
3067,54
3068,54
3069,52
3070,52
3071,52
3072,52
3073,52
3074,51
3075,57
3076,57
3077,52
3078,54
3079,54
3080,52
3081,52
3082,55
3083,57
3084,57
3085,55
3086,39
3087,48
3088,48
3089,56
3090,34
3091,34
3092,57
3093,57
3094,16
3095,46
3096,39
3097,15
3098,16
3099,56
3100,14
3101,46
3102,18
3103,48
3104,48
3105,56
3106,23
3107,16
3108,46
3109,48
3110,4
3111,16
3112,53
3113,22
3114,39
3115,47
3116,47
3117,57
3118,57
3119,57
3120,39
3121,39
3122,23
3123,38
3124,38
3125,16
3126,23
3127,49
3128,39
3129,48
3130,48
3131,22
3132,47
3133,46
3134,15
3135,48
3136,34
3137,48
3138,38
3139,46
3140,31
3141,38
3142,46
3143,37
3144,34
3145,47
3146,47
3147,31
3148,48
3149,16
3150,39
3151,46
3152,47
3153,47
3154,48
3155,46
3156,46
3157,48
3158,34
3159,14
3160,16
3161,16
3162,23
3163,47
3164,47
3165,31
3166,34
3167,34
3168,16
3169,31
3170,34
3171,23
3172,38
3173,51
3174,51
3175,57
3176,57
3177,57
3178,57
3179,57
3180,57
3181,54
3182,54
3183,52
3184,52
3185,55
3186,55
3187,57
3188,57
3189,34
3190,18
3191,52
3192,52
3193,56
3194,34
3195,16
3196,38
3197,47
3198,31
3199,38
3200,23
3201,56
3202,18
3203,16
3204,31
3205,34
3206,47
3207,34
3208,46
3209,48
3210,48
3211,16
3212,48
3213,48
3214,18
3215,48
3216,48
3217,38
3218,47
3219,47
3220,56
3221,56
3222,18
3223,38
3224,46
3225,18
3226,31
3227,16
3228,16
3229,31
3230,34
3231,31
3232,18
3233,16
3234,18
3235,39
3236,16
3237,16
3238,39
3239,48
3240,52
3241,52
3242,52
3243,57
3244,57
3245,57
3246,16
3247,38
3248,22
3249,16
3250,23
3251,48
3252,46
3253,31
3254,48
3255,48
3256,47
3257,16
3258,39
3259,48
3260,39
3261,23
3262,48
3263,48
3264,16
3265,48
3266,23
3267,34
3268,14
3269,16
3270,34
3271,18
3272,47
3273,31
3274,31
3275,46
3276,47
3277,23
3278,18
3279,18
3280,16
3281,47
3282,31
3283,39
3284,39
3285,39
3286,28
3287,16
3288,55
3289,52
3290,37
3291,34
3292,34
3293,34
3294,34
3295,34
3296,34
3297,48
3298,48
3299,34
3300,39
3301,47
3302,48
3303,48
3304,52
3305,52
3306,52
3307,52
3308,52
3309,57
3310,57
3311,54
3312,52
3313,52
3314,52
3315,49
3316,49
3317,57
3318,54
3319,57
3320,38
3321,38
3322,48
3323,38
3324,55
3325,55
3326,23
3327,39
3328,47
3329,48
3330,37
3331,47
3332,47
3333,48
3334,56
3335,18
3336,48
3337,31
3338,31
3339,18
3340,16
3341,23
3342,48
3343,16
3344,18
3345,23
3346,16
3347,23
3348,38
3349,39
3350,39
3351,38
3352,16
3353,16
3354,38
3355,47
3356,47
3357,47
3358,38
3359,38
3360,34
3361,38
3362,48
3363,48
3364,18
3365,47
3366,31
3367,31
3368,31
3369,31
3370,34
3371,34
3372,16
3373,16
3374,56
3375,16
3376,16
3377,46
3378,39
3379,39
3380,27
3381,27
3382,27
3383,27
3384,46
3385,16
3386,48
3387,49
3388,47
3389,16
3390,23
3391,39
3392,39
3393,39
3394,34
3395,34
3396,48
3397,39
3398,34
3399,48
3400,34
3401,31
3402,47
3403,47
3404,39
3405,47
3406,39
3407,16
3408,22
3409,31
3410,23
3411,39
3412,37
3413,15
3414,31
3415,46
3416,23
3417,15
3418,31
3419,48
3420,39
3421,39
3422,39
3423,39
3424,27
3425,27
3426,27
3427,39
3428,23
3429,49
3430,49
3431,51
3432,51
3433,57
3434,57
3435,57
3436,54
3437,54
3438,57
3439,57
3440,49
3441,54
3442,54
3443,54
3444,54
3445,54
3446,54
3447,55
3448,34
3449,34
3450,47
3451,31
3452,23
3453,23
3454,14
3455,46
3456,38
3457,37
3458,27
3459,39
3460,39
3461,16
3462,31
3463,34
3464,31
3465,37
3466,31
3467,47
3468,48
3469,16
3470,48
3471,46
3472,48
3473,56
3474,23
3475,46
3476,23
3477,38
3478,19
3479,38
3480,34
3481,34
3482,22
3483,39
3484,39
3485,16
3486,31
3487,15
3488,16
3489,18
3490,31
3491,31
3492,47
3493,27
3494,48
3495,31
3496,16
3497,39
3498,39
3499,37
3500,38
3501,38
3502,38
3503,48
3504,31
3505,46
3506,16
3507,48
3508,16
3509,37
3510,48
3511,47
3512,48
3513,16
3514,18
3515,22
3516,31
3517,39
3518,48
3519,46
3520,22
3521,16
3522,46
3523,48
3524,34
3525,16
3526,31
3527,47
3528,39
3529,46
3530,31
3531,31
3532,39
3533,48
3534,47
3535,47
3536,58
3537,31
3538,16
3539,38
3540,47
3541,23
3542,38
3543,38
3544,38
3545,23
3546,46
3547,38
3548,18
3549,37
3550,16
3551,47
3552,23
3553,47
3554,22
3555,46
3556,23
3557,4
3558,31
3559,48
3560,26
3561,48
3562,39
3563,48
3564,48
3565,48
3566,16
3567,16
3568,47
3569,39
3570,48
3571,16
3572,31
3573,48
3574,39
3575,46
3576,31
3577,48
3578,39
3579,48
3580,48
3581,48
3582,39
3583,39
3584,16
3585,49
3586,46
3587,39
3588,38
3589,60
3590,47
3591,48
3592,18
3593,47
3594,47
3595,16
3596,16
3597,39
3598,31
3599,39
3600,31
3601,46
3602,39
3603,48
3604,48
3605,49
3606,55
3607,51
3608,51
3609,51
3610,55
3611,49
3612,57
3613,57
3614,57
3615,51
3616,51
3617,51
3618,51
3619,49
3620,51
3621,49
3622,51
3623,51
3624,57
3625,57
3626,57
3627,57
3628,51
3629,49
3630,49
3631,49
3632,49
3633,51
3634,51
3635,51
3636,51
3637,51
3638,51
3639,51
3640,57
3641,57
3642,57
3643,57
3644,57
3645,57
3646,57
3647,57
3648,51
3649,55
3650,55
3651,16
3652,23
3653,16
3654,39
3655,31
3656,31
3657,31
3658,48
3659,37
3660,34
3661,48
3662,37
3663,60
3664,37
3665,39
3666,39
3667,48
3668,4
3669,16
3670,48
3671,18
3672,38
3673,16
3674,23
3675,16
3676,39
3677,48
3678,23
3679,47
3680,48
3681,48
3682,48
3683,23
3684,31
3685,48
3686,16
3687,48
3688,51
3689,51
3690,55
3691,55
3692,51
3693,39
3694,37
3695,60
3696,46
3697,23
3698,48
3699,16
3700,31
3701,48
3702,38
3703,38
3704,39
3705,48
3706,60
3707,39
3708,48
3709,16
3710,16
3711,60
3712,39
3713,4
3714,31
3715,48
3716,48
3717,38
3718,16
3719,55
3720,51
3721,51
3722,48
3723,48
3724,23
3725,31
3726,31
3727,31
3728,39
3729,48
3730,39
3731,47
3732,48
3733,39
3734,16
3735,38
3736,39
3737,48
3738,48
3739,39
3740,48
3741,4
3742,38
3743,48
3744,16
3745,31
3746,16
3747,31
3748,48
3749,31
3750,39
3751,39
3752,27
3753,4
3754,38
3755,16
3756,39
3757,39
3758,34
3759,39
3760,4
3761,31
3762,47
3763,47
3764,48
3765,37
3766,39
3767,49
3768,49
3769,49
3770,57
3771,57
3772,57
3773,16
3774,23
3775,39
3776,39
3777,57
3778,57
3779,55
3780,47
3781,39
3782,37
3783,39
3784,34
3785,48
3786,39
3787,39
3788,31
3789,37
3790,48
3791,38
3792,38
3793,34
3794,48
3795,38
3796,23
3797,4
3798,4
3799,39
3800,39
3801,23
3802,23
3803,23
3804,31
3805,47
3806,60
3807,47
3808,37
3809,39
3810,37
3812,46
3813,31
3814,48
3815,48
3816,39
3817,39
3818,60
3819,39
3820,38
3821,38
3822,38
3823,48
3824,34
3825,60
3826,34
3827,57
3828,57
3829,57
3830,39
3831,60
3832,34
3833,39
3834,39
3835,48
3836,60
3837,48
3838,4
3839,60
3840,60
3841,4
3842,31
3843,16
3844,39
3845,16
3846,39
3847,60
3848,60
3849,48
3850,39
3851,16
3852,18
3853,61
3854,60
3855,19
3856,19
3857,60
3858,48
3859,48
3860,51
3861,51
3862,16
3863,48
3864,34
3865,4
3866,48
3867,16
3868,39
3869,39
3870,46
3871,31
3872,60
3873,48
3874,60
3875,31
3876,31
3877,18
3878,23
3879,39
3880,39
3881,60
3882,39
3883,39
3884,18
3885,31
3886,46
3887,18
3888,38
3889,49
3890,51
3891,51
3892,55
3893,55
3894,39
3895,60
3896,60
3897,37
3898,31
3899,18
3900,4
3901,61
3902,61
3903,37
3904,31
3905,16
3906,49
3907,51
3908,51
3909,55
3910,55
3911,57
3912,39
3913,61
3914,37
3915,62
3916,31
3917,39
3918,39
3919,4
3920,23
3921,37
3922,60
3923,39
3924,51
3925,57
3926,57
3927,57
3928,55
3929,55
3930,55
3931,60
3932,60
3933,4
3934,16
3935,16
3936,22
3937,48
3938,47
3939,39